sku,item,category,mandi,intake,expiry,days,stock,status,freshness,mrp,price,markdown,bay
SKU100001,Carrot,Vegetable,Ooty Farms,2026-09-14,2026-10-04,10,279,sale,56.4%,Rs.55.77,Rs.33.46,40% OFF,VE-10A
SKU100002,Lettuce,Vegetable,Ooty Farms,2026-09-24,2026-09-30,6,40,fresh,91.1%,Rs.111.45,Rs.111.45,-,VE-9D
SKU100003,Apple,Fruit,Ooty Farms,2026-09-20,2026-10-15,21,36,fresh,88.1%,Rs.239.3,Rs.239.3,-,FR-7A
SKU100004,Chicken,Meat,Namakkal Poultry,2026-09-22,2026-09-25,1,219,sale,58.9%,Rs.74.82,Rs.44.89,40% OFF,ME-2C
SKU100005,Grapes,Fruit,Nashik Mandi,2026-09-23,2026-10-02,8,101,fresh,93.0%,Rs.161.51,Rs.161.51,-,FR-9A
SKU100006,Cheese,Dairy,Aavin Dairy,2026-09-12,2026-09-27,3,277,sale,69.4%,Rs.182.49,Rs.109.49,40% OFF,DA-6D
SKU100007,Cheese,Dairy,Imported,2026-09-17,2026-10-02,8,97,fresh,88.5%,Rs.285.62,Rs.285.62,-,DA-4A
SKU100008,Cheese,Dairy,Imported,2026-09-14,2026-09-29,5,234,sale,80.4%,Rs.129.42,Rs.77.65,40% OFF,DA-2A
SKU100009,Lettuce,Vegetable,Kodaikanal Farms,2026-09-23,2026-09-29,5,255,fresh,89.8%,Rs.180.25,Rs.180.25,-,VE-11A
SKU100010,Grapes,Fruit,Theni APMC,2026-09-20,2026-09-29,5,259,fresh,89.9%,Rs.240.36,Rs.240.36,-,FR-8A
SKU100011,Tomato,Vegetable,Lasalgaon,2026-09-18,2026-09-28,4,36,sale,74.3%,Rs.297.84,Rs.178.7,40% OFF,VE-5D
SKU100012,Bread,Bakery,Modern Bread Co.,2026-09-18,2026-09-23,0,241,compost,17.1%,Rs.155.08,Rs.0.0,PULLED - COMPOST,BA-10A
SKU100013,Yogurt,Dairy,Aavin Dairy,2026-09-22,2026-09-29,5,131,fresh,89.0%,Rs.171.2,Rs.171.2,-,DA-8A
SKU100014,Curd,Dairy,Local Cooperative,2026-09-21,2026-09-26,2,75,sale,63.1%,Rs.331.33,Rs.198.8,40% OFF,DA-9C
SKU100015,Onion,Vegetable,Dindigul APMC,2026-08-24,2026-09-28,4,123,compost,18.3%,Rs.77.35,Rs.0.0,PULLED - COMPOST,VE-3B
SKU100016,Chicken,Meat,Namakkal Poultry,2026-09-24,2026-09-27,3,98,fresh,96.6%,Rs.119.84,Rs.119.84,-,ME-1B
SKU100017,Onion,Vegetable,Dindigul APMC,2026-08-27,2026-10-01,7,69,sale,64.2%,Rs.282.39,Rs.169.43,40% OFF,VE-9A
SKU100018,Egg,Dairy,Local Farm,2026-09-13,2026-10-04,10,251,sale,66.4%,Rs.261.03,Rs.156.62,40% OFF,DA-1B
SKU100019,Tomato,Vegetable,Kolar Mandi,2026-09-18,2026-09-28,4,31,sale,58.2%,Rs.58.9,Rs.35.34,40% OFF,VE-10B
SKU100020,Grapes,Fruit,Nashik Mandi,2026-09-13,2026-09-22,0,41,compost,26.5%,Rs.352.25,Rs.0.0,PULLED - COMPOST,FR-10D
SKU100021,Milk,Dairy,Local Cooperative,2026-09-17,2026-09-23,0,247,compost,26.1%,Rs.66.68,Rs.0.0,PULLED - COMPOST,DA-8D
SKU100022,Yogurt,Dairy,Aavin Dairy,2026-09-21,2026-09-28,4,180,fresh,87.0%,Rs.301.33,Rs.301.33,-,DA-8B
SKU100023,Lettuce,Vegetable,Ooty Farms,2026-09-22,2026-09-28,4,190,fresh,98.3%,Rs.75.71,Rs.75.71,-,VE-9A
SKU100024,Lettuce,Vegetable,Kodaikanal Farms,2026-09-16,2026-09-22,0,138,compost,35.2%,Rs.216.99,Rs.0.0,PULLED - COMPOST,VE-3C
SKU100025,Chicken,Meat,Local Farm,2026-09-22,2026-09-25,1,104,sale,72.8%,Rs.326.31,Rs.195.79,40% OFF,ME-7B
SKU100026,Paneer,Dairy,Local Cooperative,2026-09-22,2026-09-26,2,19,sale,55.8%,Rs.320.24,Rs.192.14,40% OFF,DA-8C
SKU100027,Paneer,Dairy,Local Cooperative,2026-09-22,2026-09-26,2,183,sale,82.2%,Rs.382.9,Rs.229.74,40% OFF,DA-6A
SKU100028,Chicken,Meat,Namakkal Poultry,2026-09-23,2026-09-26,2,109,fresh,87.8%,Rs.203.41,Rs.203.41,-,ME-10A
SKU100029,Yogurt,Dairy,Aavin Dairy,2026-09-17,2026-09-24,0,66,compost,8.0%,Rs.365.72,Rs.0.0,PULLED - COMPOST,DA-12B
SKU100030,Yogurt,Dairy,Aavin Dairy,2026-09-20,2026-09-27,3,49,sale,73.4%,Rs.324.31,Rs.194.59,40% OFF,DA-12D
SKU100031,Egg,Dairy,Local Farm,2026-09-04,2026-09-25,1,86,compost,8.0%,Rs.84.6,Rs.0.0,PULLED - COMPOST,DA-3A
SKU100032,Milk,Dairy,Local Cooperative,2026-09-18,2026-09-24,0,247,compost,10.1%,Rs.269.76,Rs.0.0,PULLED - COMPOST,DA-6B
SKU100033,Grapes,Fruit,Nashik Mandi,2026-09-24,2026-10-03,9,57,fresh,96.2%,Rs.220.1,Rs.220.1,-,FR-3D
SKU100034,Paneer,Dairy,Aavin Dairy,2026-09-24,2026-09-28,4,261,fresh,88.0%,Rs.111.4,Rs.111.4,-,DA-10C
SKU100035,Fish,Meat,Tuticorin Harbour,2026-09-22,2026-09-24,0,186,compost,7.1%,Rs.361.13,Rs.0.0,PULLED - COMPOST,ME-11D
SKU100036,Lettuce,Vegetable,Ooty Farms,2026-09-20,2026-09-26,2,14,sale,70.2%,Rs.351.67,Rs.211.0,40% OFF,VE-3A
SKU100037,Milk,Dairy,Aavin Dairy,2026-09-23,2026-09-29,5,66,fresh,93.7%,Rs.231.46,Rs.231.46,-,DA-6D
SKU100038,Spinach,Vegetable,Koyambedu Market,2026-09-22,2026-09-27,3,55,fresh,88.9%,Rs.212.93,Rs.212.93,-,VE-9A
SKU100039,Tomato,Vegetable,Lasalgaon,2026-09-20,2026-09-30,6,267,fresh,98.6%,Rs.95.77,Rs.95.77,-,VE-5D
SKU100040,Lettuce,Vegetable,Kodaikanal Farms,2026-09-20,2026-09-26,2,272,sale,62.2%,Rs.353.08,Rs.211.85,40% OFF,VE-5B
SKU100041,Egg,Dairy,Namakkal Poultry,2026-09-13,2026-10-04,10,166,sale,66.4%,Rs.47.57,Rs.28.54,40% OFF,DA-4D
SKU100042,Tomato,Vegetable,Kolar Mandi,2026-09-15,2026-09-25,1,84,compost,32.4%,Rs.377.01,Rs.0.0,PULLED - COMPOST,VE-11C
SKU100043,Milk,Dairy,Local Cooperative,2026-09-17,2026-09-23,0,117,compost,38.9%,Rs.303.74,Rs.0.0,PULLED - COMPOST,DA-2D
SKU100044,Yogurt,Dairy,Aavin Dairy,2026-09-15,2026-09-22,0,87,compost,34.1%,Rs.288.4,Rs.0.0,PULLED - COMPOST,DA-9D
SKU100045,Carrot,Vegetable,Kodaikanal Farms,2026-09-19,2026-10-09,15,192,fresh,89.5%,Rs.27.4,Rs.27.4,-,VE-9D
SKU100046,Egg,Dairy,Namakkal Poultry,2026-09-14,2026-10-05,11,156,fresh,92.2%,Rs.214.66,Rs.214.66,-,DA-2A
SKU100047,Chicken,Meat,Namakkal Poultry,2026-09-24,2026-09-27,3,97,fresh,88.8%,Rs.122.77,Rs.122.77,-,ME-3D
SKU100048,Fish,Meat,Tuticorin Harbour,2026-09-24,2026-09-26,2,297,fresh,97.9%,Rs.207.95,Rs.207.95,-,ME-6A
SKU100049,Fish,Meat,Nagercoil Harbour,2026-09-22,2026-09-24,0,42,compost,11.4%,Rs.122.19,Rs.0.0,PULLED - COMPOST,ME-1A
SKU100050,Fish,Meat,Nagercoil Harbour,2026-09-22,2026-09-24,0,140,compost,12.8%,Rs.347.85,Rs.0.0,PULLED - COMPOST,ME-8A
SKU100051,Carrot,Vegetable,Kodaikanal Farms,2026-08-31,2026-09-20,0,71,compost,14.4%,Rs.36.42,Rs.0.0,PULLED - COMPOST,VE-12B
SKU100052,Spinach,Vegetable,Koyambedu Market,2026-09-22,2026-09-27,3,164,fresh,87.5%,Rs.258.9,Rs.258.9,-,VE-9B
SKU100053,Bread,Bakery,Modern Bread Co.,2026-09-21,2026-09-26,2,182,sale,60.2%,Rs.325.4,Rs.195.24,40% OFF,BA-5A
SKU100054,Banana,Fruit,Kolar Mandi,2026-09-17,2026-09-24,0,102,compost,24.3%,Rs.215.41,Rs.0.0,PULLED - COMPOST,FR-4D
SKU100055,Spinach,Vegetable,Salem Farms,2026-09-20,2026-09-25,1,206,sale,70.8%,Rs.388.72,Rs.233.23,40% OFF,VE-5B
SKU100056,Chicken,Meat,Local Farm,2026-09-23,2026-09-26,2,76,fresh,97.3%,Rs.173.79,Rs.173.79,-,ME-6A
SKU100057,Milk,Dairy,Aavin Dairy,2026-09-23,2026-09-29,5,135,fresh,95.4%,Rs.183.68,Rs.183.68,-,DA-1A
SKU100058,Potato,Vegetable,Hosur Farms,2026-09-01,2026-10-01,7,28,sale,75.1%,Rs.194.59,Rs.116.75,40% OFF,VE-3C
SKU100059,Egg,Dairy,Namakkal Poultry,2026-09-17,2026-10-08,14,285,fresh,98.5%,Rs.142.94,Rs.142.94,-,DA-1C
SKU100060,Paneer,Dairy,Local Cooperative,2026-09-23,2026-09-27,3,47,fresh,89.7%,Rs.200.36,Rs.200.36,-,DA-9B
SKU100061,Chicken,Meat,Namakkal Poultry,2026-09-24,2026-09-27,3,78,fresh,96.4%,Rs.171.81,Rs.171.81,-,ME-1D
SKU100062,Banana,Fruit,Theni APMC,2026-09-21,2026-09-28,4,275,fresh,88.3%,Rs.344.23,Rs.344.23,-,FR-3D
SKU100063,Carrot,Vegetable,Kodaikanal Farms,2026-09-20,2026-10-10,16,79,fresh,95.1%,Rs.36.64,Rs.36.64,-,VE-12D
SKU100064,Lettuce,Vegetable,Ooty Farms,2026-09-17,2026-09-23,0,296,compost,31.4%,Rs.337.28,Rs.0.0,PULLED - COMPOST,VE-1B
SKU100065,Tomato,Vegetable,Kolar Mandi,2026-09-23,2026-10-03,9,58,fresh,93.9%,Rs.163.11,Rs.163.11,-,VE-8A
SKU100066,Banana,Fruit,Ramanathapuram,2026-09-19,2026-09-26,2,140,sale,62.1%,Rs.21.26,Rs.12.76,40% OFF,FR-2A
SKU100067,Lettuce,Vegetable,Ooty Farms,2026-09-18,2026-09-24,0,43,compost,21.6%,Rs.341.53,Rs.0.0,PULLED - COMPOST,VE-4B
SKU100068,Chicken,Meat,Local Farm,2026-09-22,2026-09-25,1,250,sale,66.1%,Rs.365.98,Rs.219.59,40% OFF,ME-5A
SKU100069,Paneer,Dairy,Aavin Dairy,2026-09-21,2026-09-25,1,160,sale,64.6%,Rs.256.04,Rs.153.62,40% OFF,DA-3A
SKU100070,Yogurt,Dairy,Aavin Dairy,2026-09-20,2026-09-27,3,55,sale,83.2%,Rs.283.03,Rs.169.82,40% OFF,DA-11D
SKU100071,Bread,Bakery,Modern Bread Co.,2026-09-21,2026-09-26,2,65,sale,68.5%,Rs.397.45,Rs.238.47,40% OFF,BA-9B
SKU100072,Bread,Bakery,Local Bakery,2026-09-18,2026-09-23,0,239,compost,5.6%,Rs.49.06,Rs.0.0,PULLED - COMPOST,BA-9D
SKU100073,Fish,Meat,Tuticorin Harbour,2026-09-23,2026-09-25,1,112,sale,82.4%,Rs.48.35,Rs.29.01,40% OFF,ME-2B
SKU100074,Lettuce,Vegetable,Kodaikanal Farms,2026-09-17,2026-09-23,0,265,compost,9.6%,Rs.126.24,Rs.0.0,PULLED - COMPOST,VE-2C
SKU100075,Chicken,Meat,Local Farm,2026-09-20,2026-09-23,0,17,compost,22.0%,Rs.80.44,Rs.0.0,PULLED - COMPOST,ME-8D
SKU100076,Potato,Vegetable,Hosur Farms,2026-08-27,2026-09-26,2,197,compost,19.6%,Rs.140.11,Rs.0.0,PULLED - COMPOST,VE-6A
SKU100077,Carrot,Vegetable,Kodaikanal Farms,2026-09-02,2026-09-22,0,105,compost,9.2%,Rs.290.95,Rs.0.0,PULLED - COMPOST,VE-12C
SKU100078,Fish,Meat,Tuticorin Harbour,2026-09-24,2026-09-26,2,44,fresh,90.5%,Rs.157.07,Rs.157.07,-,ME-7C
SKU100079,Apple,Fruit,Kashmir Valley,2026-09-21,2026-10-16,22,151,fresh,96.7%,Rs.261.29,Rs.261.29,-,FR-3B
SKU100080,Fish,Meat,Tuticorin Harbour,2026-09-23,2026-09-25,1,196,sale,60.5%,Rs.318.35,Rs.191.01,40% OFF,ME-7A
SKU100081,Potato,Vegetable,Lasalgaon,2026-08-27,2026-09-26,2,215,compost,6.7%,Rs.191.33,Rs.0.0,PULLED - COMPOST,VE-3C
SKU100082,Yogurt,Dairy,Aavin Dairy,2026-09-16,2026-09-23,0,92,compost,24.3%,Rs.199.43,Rs.0.0,PULLED - COMPOST,DA-6C
SKU100083,Bread,Bakery,Modern Bread Co.,2026-09-19,2026-09-24,0,138,compost,39.2%,Rs.174.36,Rs.0.0,PULLED - COMPOST,BA-4C
SKU100084,Yogurt,Dairy,Aavin Dairy,2026-09-23,2026-09-30,6,43,fresh,94.0%,Rs.98.99,Rs.98.99,-,DA-8B
SKU100085,Egg,Dairy,Local Farm,2026-08-28,2026-09-18,0,76,compost,20.7%,Rs.228.16,Rs.0.0,PULLED - COMPOST,DA-4A
SKU100086,Curd,Dairy,Local Cooperative,2026-09-20,2026-09-25,1,193,sale,64.3%,Rs.118.18,Rs.70.91,40% OFF,DA-10B
SKU100087,Banana,Fruit,Ramanathapuram,2026-09-16,2026-09-23,0,273,compost,18.4%,Rs.99.8,Rs.0.0,PULLED - COMPOST,FR-5C
SKU100088,Apple,Fruit,Kashmir Valley,2026-09-15,2026-10-10,16,69,fresh,98.5%,Rs.280.97,Rs.280.97,-,FR-9B
SKU100089,Tomato,Vegetable,Lasalgaon,2026-09-12,2026-09-22,0,233,compost,18.5%,Rs.184.1,Rs.0.0,PULLED - COMPOST,VE-5A
SKU100090,Milk,Dairy,Aavin Dairy,2026-09-21,2026-09-27,3,247,sale,77.1%,Rs.387.95,Rs.232.77,40% OFF,DA-8A
SKU100091,Tomato,Vegetable,Lasalgaon,2026-09-12,2026-09-22,0,275,compost,37.5%,Rs.345.08,Rs.0.0,PULLED - COMPOST,VE-8B
SKU100092,Spinach,Vegetable,Koyambedu Market,2026-09-23,2026-09-28,4,60,fresh,92.3%,Rs.377.77,Rs.377.77,-,VE-12D
SKU100093,Tomato,Vegetable,Madurai APMC,2026-09-14,2026-09-24,0,69,compost,5.0%,Rs.108.38,Rs.0.0,PULLED - COMPOST,VE-1C
SKU100094,Milk,Dairy,Local Cooperative,2026-09-20,2026-09-26,2,62,sale,67.7%,Rs.57.79,Rs.34.67,40% OFF,DA-5B
SKU100095,Potato,Vegetable,Hosur Farms,2026-09-15,2026-10-15,21,10,fresh,93.4%,Rs.224.24,Rs.224.24,-,VE-8C
SKU100096,Carrot,Vegetable,Ooty Farms,2026-09-12,2026-10-02,8,131,sale,61.8%,Rs.31.13,Rs.18.68,40% OFF,VE-7C
SKU100097,Apple,Fruit,Shimla Mandi,2026-09-18,2026-10-13,19,220,fresh,97.4%,Rs.50.81,Rs.50.81,-,FR-4D
SKU100098,Mango,Fruit,Krishnagiri Mandi,2026-09-19,2026-09-27,3,220,sale,75.2%,Rs.157.68,Rs.94.61,40% OFF,FR-7B
SKU100099,Banana,Fruit,Theni APMC,2026-09-17,2026-09-24,0,110,compost,22.7%,Rs.208.36,Rs.0.0,PULLED - COMPOST,FR-4C
SKU100100,Paneer,Dairy,Aavin Dairy,2026-09-22,2026-09-26,2,156,sale,62.7%,Rs.61.42,Rs.36.85,40% OFF,DA-10D
SKU100101,Curd,Dairy,Aavin Dairy,2026-09-21,2026-09-26,2,33,sale,81.4%,Rs.380.53,Rs.228.32,40% OFF,DA-3D
SKU100102,Apple,Fruit,Shimla Mandi,2026-09-23,2026-10-18,24,217,fresh,93.3%,Rs.39.7,Rs.39.7,-,FR-1B
SKU100103,Potato,Vegetable,Hosur Farms,2026-08-20,2026-09-19,0,62,compost,35.9%,Rs.399.06,Rs.0.0,PULLED - COMPOST,VE-3C
SKU100104,Paneer,Dairy,Aavin Dairy,2026-09-21,2026-09-25,1,244,sale,70.2%,Rs.32.12,Rs.19.27,40% OFF,DA-11D
SKU100105,Mango,Fruit,Salem Farms,2026-09-19,2026-09-27,3,45,sale,58.2%,Rs.126.33,Rs.75.8,40% OFF,FR-6D
SKU100106,Spinach,Vegetable,Koyambedu Market,2026-09-22,2026-09-27,3,163,fresh,95.8%,Rs.332.36,Rs.332.36,-,VE-7A
SKU100107,Apple,Fruit,Ooty Farms,2026-09-09,2026-10-04,10,233,sale,65.8%,Rs.93.35,Rs.56.01,40% OFF,FR-6D
SKU100108,Banana,Fruit,Ramanathapuram,2026-09-20,2026-09-27,3,212,sale,78.5%,Rs.35.45,Rs.21.27,40% OFF,FR-1D
SKU100109,Tomato,Vegetable,Kolar Mandi,2026-09-21,2026-10-01,7,178,fresh,95.5%,Rs.157.93,Rs.157.93,-,VE-6A
SKU100110,Fish,Meat,Tuticorin Harbour,2026-09-22,2026-09-24,0,38,compost,15.4%,Rs.29.22,Rs.0.0,PULLED - COMPOST,ME-4A
SKU100111,Yogurt,Dairy,Aavin Dairy,2026-09-15,2026-09-22,0,133,compost,18.5%,Rs.367.15,Rs.0.0,PULLED - COMPOST,DA-8B
SKU100112,Yogurt,Dairy,Aavin Dairy,2026-09-24,2026-10-01,7,160,fresh,98.0%,Rs.332.65,Rs.332.65,-,DA-3B
SKU100113,Carrot,Vegetable,Kodaikanal Farms,2026-09-12,2026-10-02,8,45,sale,77.7%,Rs.214.52,Rs.128.71,40% OFF,VE-7B
SKU100114,Chicken,Meat,Local Farm,2026-09-24,2026-09-27,3,287,fresh,85.5%,Rs.226.95,Rs.226.95,-,ME-3D
SKU100115,Spinach,Vegetable,Koyambedu Market,2026-09-22,2026-09-27,3,54,fresh,86.2%,Rs.180.0,Rs.180.0,-,VE-12D
SKU100116,Curd,Dairy,Aavin Dairy,2026-09-23,2026-09-28,4,125,fresh,91.5%,Rs.304.23,Rs.304.23,-,DA-11A
SKU100117,Bread,Bakery,Modern Bread Co.,2026-09-22,2026-09-27,3,135,fresh,88.7%,Rs.300.47,Rs.300.47,-,BA-4D
SKU100118,Chicken,Meat,Namakkal Poultry,2026-09-23,2026-09-26,2,101,fresh,87.1%,Rs.144.01,Rs.144.01,-,ME-7C
SKU100119,Chicken,Meat,Namakkal Poultry,2026-09-21,2026-09-24,0,242,compost,8.5%,Rs.396.56,Rs.0.0,PULLED - COMPOST,ME-2A
SKU100120,Yogurt,Dairy,Aavin Dairy,2026-09-16,2026-09-23,0,25,compost,37.0%,Rs.353.22,Rs.0.0,PULLED - COMPOST,DA-4A
SKU100121,Apple,Fruit,Shimla Mandi,2026-09-04,2026-09-29,5,104,sale,79.0%,Rs.373.47,Rs.224.08,40% OFF,FR-6B
SKU100122,Egg,Dairy,Local Farm,2026-09-03,2026-09-24,0,8,compost,28.3%,Rs.60.2,Rs.0.0,PULLED - COMPOST,DA-10C
SKU100123,Paneer,Dairy,Aavin Dairy,2026-09-22,2026-09-26,2,109,sale,59.1%,Rs.399.95,Rs.239.97,40% OFF,DA-1B
SKU100124,Banana,Fruit,Theni APMC,2026-09-20,2026-09-27,3,164,sale,65.8%,Rs.49.62,Rs.29.77,40% OFF,FR-1D
SKU100125,Grapes,Fruit,Theni APMC,2026-09-23,2026-10-02,8,207,fresh,86.4%,Rs.272.33,Rs.272.33,-,FR-3A
SKU100126,Curd,Dairy,Local Cooperative,2026-09-19,2026-09-24,0,150,compost,19.3%,Rs.273.77,Rs.0.0,PULLED - COMPOST,DA-7A
SKU100127,Bread,Bakery,Modern Bread Co.,2026-09-21,2026-09-26,2,191,sale,55.5%,Rs.264.9,Rs.158.94,40% OFF,BA-7D
SKU100128,Paneer,Dairy,Aavin Dairy,2026-09-22,2026-09-26,2,63,sale,59.5%,Rs.331.74,Rs.199.04,40% OFF,DA-7C
SKU100129,Egg,Dairy,Namakkal Poultry,2026-09-20,2026-10-11,17,77,fresh,85.7%,Rs.263.45,Rs.263.45,-,DA-7A
SKU100130,Cheese,Dairy,Imported,2026-09-10,2026-09-25,1,183,compost,11.0%,Rs.127.65,Rs.0.0,PULLED - COMPOST,DA-9B
SKU100131,Tomato,Vegetable,Kolar Mandi,2026-09-19,2026-09-29,5,106,sale,76.9%,Rs.134.61,Rs.80.77,40% OFF,VE-1D
SKU100132,Carrot,Vegetable,Ooty Farms,2026-09-08,2026-09-28,4,49,sale,73.5%,Rs.363.6,Rs.218.16,40% OFF,VE-10B
SKU100133,Chicken,Meat,Local Farm,2026-09-22,2026-09-25,1,247,sale,60.7%,Rs.89.53,Rs.53.72,40% OFF,ME-4A
SKU100134,Potato,Vegetable,Lasalgaon,2026-09-09,2026-10-09,15,131,sale,58.6%,Rs.388.86,Rs.233.32,40% OFF,VE-4A
SKU100135,Grapes,Fruit,Nashik Mandi,2026-09-16,2026-09-25,1,204,compost,16.3%,Rs.247.82,Rs.0.0,PULLED - COMPOST,FR-9C
SKU100136,Onion,Vegetable,Dindigul APMC,2026-08-28,2026-10-02,8,193,sale,67.3%,Rs.189.78,Rs.113.87,40% OFF,VE-8B
SKU100137,Banana,Fruit,Kolar Mandi,2026-09-18,2026-09-25,1,125,compost,22.1%,Rs.189.79,Rs.0.0,PULLED - COMPOST,FR-10D
SKU100138,Curd,Dairy,Local Cooperative,2026-09-21,2026-09-26,2,188,sale,56.9%,Rs.183.63,Rs.110.18,40% OFF,DA-2D
SKU100139,Lettuce,Vegetable,Ooty Farms,2026-09-24,2026-09-30,6,165,fresh,86.8%,Rs.315.5,Rs.315.5,-,VE-9A
SKU100140,Apple,Fruit,Ooty Farms,2026-08-26,2026-09-20,0,74,compost,27.8%,Rs.29.83,Rs.0.0,PULLED - COMPOST,FR-2A
SKU100141,Paneer,Dairy,Aavin Dairy,2026-09-19,2026-09-23,0,89,compost,22.2%,Rs.280.73,Rs.0.0,PULLED - COMPOST,DA-12B
SKU100142,Tomato,Vegetable,Lasalgaon,2026-09-16,2026-09-26,2,170,sale,62.3%,Rs.360.68,Rs.216.41,40% OFF,VE-5D
SKU100143,Milk,Dairy,Local Cooperative,2026-09-20,2026-09-26,2,111,sale,81.7%,Rs.244.92,Rs.146.95,40% OFF,DA-10B
SKU100144,Carrot,Vegetable,Kodaikanal Farms,2026-09-23,2026-10-13,19,87,fresh,87.5%,Rs.261.9,Rs.261.9,-,VE-5C
SKU100145,Potato,Vegetable,Lasalgaon,2026-08-24,2026-09-23,0,276,compost,14.3%,Rs.38.46,Rs.0.0,PULLED - COMPOST,VE-6D
SKU100146,Grapes,Fruit,Nashik Mandi,2026-09-21,2026-09-30,6,206,fresh,92.5%,Rs.300.41,Rs.300.41,-,FR-6C
SKU100147,Potato,Vegetable,Hosur Farms,2026-09-01,2026-10-01,7,46,sale,65.4%,Rs.188.07,Rs.112.84,40% OFF,VE-3A
SKU100148,Bread,Bakery,Modern Bread Co.,2026-09-22,2026-09-27,3,165,fresh,98.5%,Rs.298.55,Rs.298.55,-,BA-12A
SKU100149,Chicken,Meat,Namakkal Poultry,2026-09-23,2026-09-26,2,218,fresh,93.8%,Rs.214.82,Rs.214.82,-,ME-1B
SKU100150,Yogurt,Dairy,Aavin Dairy,2026-09-18,2026-09-25,1,32,compost,6.6%,Rs.20.99,Rs.0.0,PULLED - COMPOST,DA-6C
SKU100151,Spinach,Vegetable,Salem Farms,2026-09-21,2026-09-26,2,159,sale,67.0%,Rs.243.85,Rs.146.31,40% OFF,VE-4C
SKU100152,Yogurt,Dairy,Aavin Dairy,2026-09-23,2026-09-30,6,129,fresh,98.1%,Rs.288.84,Rs.288.84,-,DA-8A
SKU100153,Tomato,Vegetable,Madurai APMC,2026-09-22,2026-10-02,8,143,fresh,94.3%,Rs.172.74,Rs.172.74,-,VE-5A
SKU100154,Apple,Fruit,Ooty Farms,2026-08-28,2026-09-22,0,232,compost,36.2%,Rs.248.71,Rs.0.0,PULLED - COMPOST,FR-9D
SKU100155,Chicken,Meat,Namakkal Poultry,2026-09-20,2026-09-23,0,277,compost,6.5%,Rs.29.59,Rs.0.0,PULLED - COMPOST,ME-3B
SKU100156,Curd,Dairy,Aavin Dairy,2026-09-18,2026-09-23,0,287,compost,8.7%,Rs.269.58,Rs.0.0,PULLED - COMPOST,DA-4B
SKU100157,Onion,Vegetable,Lasalgaon,2026-08-31,2026-10-05,11,217,sale,73.6%,Rs.329.08,Rs.197.45,40% OFF,VE-3C
SKU100158,Tomato,Vegetable,Lasalgaon,2026-09-16,2026-09-26,2,249,sale,83.8%,Rs.291.85,Rs.175.11,40% OFF,VE-1D
SKU100159,Onion,Vegetable,Dindigul APMC,2026-09-20,2026-10-25,31,94,fresh,94.2%,Rs.105.86,Rs.105.86,-,VE-2C
SKU100160,Chicken,Meat,Namakkal Poultry,2026-09-24,2026-09-27,3,139,fresh,97.5%,Rs.290.44,Rs.290.44,-,ME-5D
SKU100161,Lettuce,Vegetable,Kodaikanal Farms,2026-09-22,2026-09-28,4,116,fresh,98.0%,Rs.52.46,Rs.52.46,-,VE-9A
SKU100162,Curd,Dairy,Local Cooperative,2026-09-18,2026-09-23,0,108,compost,34.5%,Rs.378.99,Rs.0.0,PULLED - COMPOST,DA-12C
SKU100163,Paneer,Dairy,Local Cooperative,2026-09-22,2026-09-26,2,279,sale,61.9%,Rs.198.41,Rs.119.05,40% OFF,DA-9A
SKU100164,Banana,Fruit,Theni APMC,2026-09-15,2026-09-22,0,162,compost,13.2%,Rs.319.9,Rs.0.0,PULLED - COMPOST,FR-7A
SKU100165,Cheese,Dairy,Aavin Dairy,2026-09-21,2026-10-06,12,59,fresh,85.4%,Rs.256.35,Rs.256.35,-,DA-3C
SKU100166,Milk,Dairy,Aavin Dairy,2026-09-24,2026-09-30,6,26,fresh,86.9%,Rs.284.86,Rs.284.86,-,DA-12A
SKU100167,Tomato,Vegetable,Madurai APMC,2026-09-14,2026-09-24,0,278,compost,12.0%,Rs.358.69,Rs.0.0,PULLED - COMPOST,VE-2D
SKU100168,Spinach,Vegetable,Koyambedu Market,2026-09-23,2026-09-28,4,22,fresh,86.6%,Rs.380.72,Rs.380.72,-,VE-11A
SKU100169,Bread,Bakery,Modern Bread Co.,2026-09-23,2026-09-28,4,109,fresh,86.4%,Rs.131.89,Rs.131.89,-,BA-6D
SKU100170,Fish,Meat,Nagercoil Harbour,2026-09-23,2026-09-25,1,29,sale,82.0%,Rs.291.99,Rs.175.19,40% OFF,ME-6C
SKU100171,Lettuce,Vegetable,Kodaikanal Farms,2026-09-17,2026-09-23,0,20,compost,26.6%,Rs.319.84,Rs.0.0,PULLED - COMPOST,VE-1D
SKU100172,Lettuce,Vegetable,Ooty Farms,2026-09-21,2026-09-27,3,280,sale,75.4%,Rs.235.12,Rs.141.07,40% OFF,VE-12A
SKU100173,Cheese,Dairy,Imported,2026-09-21,2026-10-06,12,108,fresh,85.0%,Rs.129.57,Rs.129.57,-,DA-1A
SKU100174,Mango,Fruit,Salem Farms,2026-09-23,2026-10-01,7,99,fresh,94.7%,Rs.387.52,Rs.387.52,-,FR-10C
SKU100175,Lettuce,Vegetable,Kodaikanal Farms,2026-09-19,2026-09-25,1,114,sale,59.6%,Rs.376.55,Rs.225.93,40% OFF,VE-4D
SKU100176,Curd,Dairy,Aavin Dairy,2026-09-18,2026-09-23,0,256,compost,31.8%,Rs.319.41,Rs.0.0,PULLED - COMPOST,DA-12A
SKU100177,Carrot,Vegetable,Kodaikanal Farms,2026-09-22,2026-10-12,18,49,fresh,98.0%,Rs.180.41,Rs.180.41,-,VE-11A
SKU100178,Mango,Fruit,Krishnagiri Mandi,2026-09-21,2026-09-29,5,284,fresh,91.0%,Rs.210.45,Rs.210.45,-,FR-7B
SKU100179,Egg,Dairy,Namakkal Poultry,2026-09-09,2026-09-30,6,22,sale,76.9%,Rs.152.42,Rs.91.45,40% OFF,DA-6B
SKU100180,Egg,Dairy,Local Farm,2026-09-19,2026-10-10,16,136,fresh,91.1%,Rs.240.08,Rs.240.08,-,DA-3C
SKU100181,Egg,Dairy,Namakkal Poultry,2026-09-10,2026-10-01,7,84,sale,62.8%,Rs.294.87,Rs.176.92,40% OFF,DA-4C
SKU100182,Lettuce,Vegetable,Kodaikanal Farms,2026-09-23,2026-09-29,5,101,fresh,89.6%,Rs.118.3,Rs.118.3,-,VE-12A
SKU100183,Curd,Dairy,Aavin Dairy,2026-09-23,2026-09-28,4,80,fresh,87.1%,Rs.322.06,Rs.322.06,-,DA-12C
SKU100184,Onion,Vegetable,Dindigul APMC,2026-09-15,2026-10-20,26,59,fresh,93.9%,Rs.126.71,Rs.126.71,-,VE-7D
SKU100185,Apple,Fruit,Shimla Mandi,2026-09-11,2026-10-06,12,118,sale,77.9%,Rs.210.18,Rs.126.11,40% OFF,FR-11C
SKU100186,Egg,Dairy,Namakkal Poultry,2026-09-20,2026-10-11,17,212,fresh,93.5%,Rs.22.1,Rs.22.1,-,DA-4D
SKU100187,Cheese,Dairy,Imported,2026-09-08,2026-09-23,0,122,compost,28.4%,Rs.278.25,Rs.0.0,PULLED - COMPOST,DA-11A
SKU100188,Egg,Dairy,Local Farm,2026-09-15,2026-10-06,12,55,fresh,93.8%,Rs.360.0,Rs.360.0,-,DA-4D
SKU100189,Curd,Dairy,Local Cooperative,2026-09-18,2026-09-23,0,15,compost,21.9%,Rs.256.2,Rs.0.0,PULLED - COMPOST,DA-7B
SKU100190,Carrot,Vegetable,Ooty Farms,2026-09-14,2026-10-04,10,59,sale,69.2%,Rs.34.5,Rs.20.7,40% OFF,VE-9B
SKU100191,Curd,Dairy,Aavin Dairy,2026-09-21,2026-09-26,2,299,sale,57.9%,Rs.193.58,Rs.116.15,40% OFF,DA-4D
SKU100192,Lettuce,Vegetable,Ooty Farms,2026-09-19,2026-09-25,1,272,sale,79.0%,Rs.150.28,Rs.90.17,40% OFF,VE-12D
SKU100193,Paneer,Dairy,Aavin Dairy,2026-09-22,2026-09-26,2,67,sale,77.1%,Rs.297.06,Rs.178.24,40% OFF,DA-10C
SKU100194,Apple,Fruit,Kashmir Valley,2026-09-15,2026-10-10,16,11,fresh,90.6%,Rs.48.57,Rs.48.57,-,FR-7C
SKU100195,Cheese,Dairy,Imported,2026-09-22,2026-10-07,13,210,fresh,89.2%,Rs.377.17,Rs.377.17,-,DA-9B
SKU100196,Potato,Vegetable,Hosur Farms,2026-09-16,2026-10-16,22,40,fresh,86.8%,Rs.327.64,Rs.327.64,-,VE-11B
SKU100197,Yogurt,Dairy,Aavin Dairy,2026-09-17,2026-09-24,0,216,compost,10.1%,Rs.197.88,Rs.0.0,PULLED - COMPOST,DA-5B
SKU100198,Yogurt,Dairy,Aavin Dairy,2026-09-17,2026-09-24,0,197,compost,13.1%,Rs.281.23,Rs.0.0,PULLED - COMPOST,DA-7B
SKU100199,Yogurt,Dairy,Aavin Dairy,2026-09-17,2026-09-24,0,188,compost,33.0%,Rs.113.09,Rs.0.0,PULLED - COMPOST,DA-5C
SKU100200,Yogurt,Dairy,Aavin Dairy,2026-09-20,2026-09-27,3,190,sale,73.5%,Rs.78.05,Rs.46.83,40% OFF,DA-5D
SKU100201,Apple,Fruit,Shimla Mandi,2026-08-28,2026-09-22,0,76,compost,36.7%,Rs.221.65,Rs.0.0,PULLED - COMPOST,FR-6A
SKU100202,Banana,Fruit,Kolar Mandi,2026-09-15,2026-09-22,0,133,compost,28.0%,Rs.251.12,Rs.0.0,PULLED - COMPOST,FR-10B
SKU100203,Chicken,Meat,Namakkal Poultry,2026-09-21,2026-09-24,0,83,compost,17.1%,Rs.99.25,Rs.0.0,PULLED - COMPOST,ME-7B
SKU100204,Tomato,Vegetable,Madurai APMC,2026-09-12,2026-09-22,0,157,compost,24.2%,Rs.95.0,Rs.0.0,PULLED - COMPOST,VE-12B
SKU100205,Lettuce,Vegetable,Ooty Farms,2026-09-18,2026-09-24,0,64,compost,20.4%,Rs.230.92,Rs.0.0,PULLED - COMPOST,VE-5D
SKU100206,Chicken,Meat,Namakkal Poultry,2026-09-22,2026-09-25,1,252,sale,71.2%,Rs.197.5,Rs.118.5,40% OFF,ME-3D
SKU100207,Chicken,Meat,Local Farm,2026-09-23,2026-09-26,2,8,fresh,93.4%,Rs.80.94,Rs.80.94,-,ME-6D
SKU100208,Cheese,Dairy,Imported,2026-09-11,2026-09-26,2,196,compost,34.4%,Rs.181.81,Rs.0.0,PULLED - COMPOST,DA-11A
SKU100209,Curd,Dairy,Local Cooperative,2026-09-20,2026-09-25,1,28,sale,55.8%,Rs.279.38,Rs.167.63,40% OFF,DA-6A
SKU100210,Lettuce,Vegetable,Kodaikanal Farms,2026-09-20,2026-09-26,2,22,sale,81.0%,Rs.101.08,Rs.60.65,40% OFF,VE-7B
SKU100211,Carrot,Vegetable,Ooty Farms,2026-09-02,2026-09-22,0,247,compost,17.8%,Rs.315.84,Rs.0.0,PULLED - COMPOST,VE-9B
SKU100212,Bread,Bakery,Modern Bread Co.,2026-09-22,2026-09-27,3,31,fresh,88.5%,Rs.334.16,Rs.334.16,-,BA-5C
SKU100213,Yogurt,Dairy,Aavin Dairy,2026-09-21,2026-09-28,4,264,fresh,98.8%,Rs.151.03,Rs.151.03,-,DA-4D
SKU100214,Spinach,Vegetable,Salem Farms,2026-09-23,2026-09-28,4,70,fresh,95.0%,Rs.242.85,Rs.242.85,-,VE-11A
SKU100215,Apple,Fruit,Kashmir Valley,2026-09-01,2026-09-26,2,284,compost,36.0%,Rs.238.14,Rs.0.0,PULLED - COMPOST,FR-7C
SKU100216,Spinach,Vegetable,Koyambedu Market,2026-09-24,2026-09-29,5,248,fresh,96.5%,Rs.251.3,Rs.251.3,-,VE-11A
SKU100217,Lettuce,Vegetable,Kodaikanal Farms,2026-09-19,2026-09-25,1,47,sale,73.2%,Rs.100.75,Rs.60.45,40% OFF,VE-11D
SKU100218,Curd,Dairy,Aavin Dairy,2026-09-20,2026-09-25,1,220,sale,80.2%,Rs.314.32,Rs.188.59,40% OFF,DA-11A
SKU100219,Mango,Fruit,Krishnagiri Mandi,2026-09-16,2026-09-24,0,137,compost,24.7%,Rs.347.73,Rs.0.0,PULLED - COMPOST,FR-3D
SKU100220,Apple,Fruit,Kashmir Valley,2026-09-23,2026-10-18,24,32,fresh,92.9%,Rs.209.15,Rs.209.15,-,FR-9A
SKU100221,Spinach,Vegetable,Salem Farms,2026-09-20,2026-09-25,1,233,sale,81.6%,Rs.45.54,Rs.27.32,40% OFF,VE-11D
SKU100222,Cheese,Dairy,Aavin Dairy,2026-09-15,2026-09-30,6,57,sale,67.0%,Rs.51.51,Rs.30.91,40% OFF,DA-8B
SKU100223,Milk,Dairy,Aavin Dairy,2026-09-21,2026-09-27,3,67,sale,55.3%,Rs.394.93,Rs.236.96,40% OFF,DA-2B
SKU100224,Spinach,Vegetable,Koyambedu Market,2026-09-21,2026-09-26,2,296,sale,63.0%,Rs.112.06,Rs.67.24,40% OFF,VE-12B
SKU100225,Apple,Fruit,Kashmir Valley,2026-08-30,2026-09-24,0,79,compost,30.0%,Rs.297.29,Rs.0.0,PULLED - COMPOST,FR-2C
SKU100226,Grapes,Fruit,Theni APMC,2026-09-19,2026-09-28,4,135,sale,82.0%,Rs.367.14,Rs.220.28,40% OFF,FR-1A
SKU100227,Banana,Fruit,Kolar Mandi,2026-09-24,2026-10-01,7,45,fresh,94.1%,Rs.167.8,Rs.167.8,-,FR-5B
SKU100228,Yogurt,Dairy,Aavin Dairy,2026-09-21,2026-09-28,4,229,fresh,98.3%,Rs.198.52,Rs.198.52,-,DA-3B
SKU100229,Spinach,Vegetable,Salem Farms,2026-09-18,2026-09-23,0,218,compost,10.7%,Rs.201.25,Rs.0.0,PULLED - COMPOST,VE-8C
SKU100230,Cheese,Dairy,Imported,2026-09-18,2026-10-03,9,175,fresh,85.8%,Rs.350.43,Rs.350.43,-,DA-12A
SKU100231,Milk,Dairy,Local Cooperative,2026-09-19,2026-09-25,1,131,sale,83.3%,Rs.163.14,Rs.97.88,40% OFF,DA-11D
SKU100232,Chicken,Meat,Local Farm,2026-09-23,2026-09-26,2,139,fresh,85.0%,Rs.121.85,Rs.121.85,-,ME-3A
SKU100233,Bread,Bakery,Local Bakery,2026-09-19,2026-09-24,0,297,compost,35.4%,Rs.75.86,Rs.0.0,PULLED - COMPOST,BA-9D
SKU100234,Mango,Fruit,Krishnagiri Mandi,2026-09-18,2026-09-26,2,200,sale,69.1%,Rs.96.16,Rs.57.7,40% OFF,FR-12B
SKU100235,Bread,Bakery,Local Bakery,2026-09-20,2026-09-25,1,110,sale,68.5%,Rs.371.88,Rs.223.13,40% OFF,BA-10A
SKU100236,Potato,Vegetable,Hosur Farms,2026-09-03,2026-10-03,9,186,sale,70.5%,Rs.313.42,Rs.188.05,40% OFF,VE-4D
SKU100237,Cheese,Dairy,Imported,2026-09-07,2026-09-22,0,249,compost,23.3%,Rs.212.34,Rs.0.0,PULLED - COMPOST,DA-4B
SKU100238,Paneer,Dairy,Aavin Dairy,2026-09-24,2026-09-28,4,153,fresh,96.3%,Rs.157.87,Rs.157.87,-,DA-10C
SKU100239,Potato,Vegetable,Lasalgaon,2026-09-14,2026-10-14,20,257,fresh,97.9%,Rs.162.14,Rs.162.14,-,VE-2C
SKU100240,Egg,Dairy,Namakkal Poultry,2026-09-20,2026-10-11,17,181,fresh,93.4%,Rs.126.61,Rs.126.61,-,DA-10A
SKU100241,Spinach,Vegetable,Koyambedu Market,2026-09-23,2026-09-28,4,294,fresh,97.2%,Rs.204.8,Rs.204.8,-,VE-10B
SKU100242,Fish,Meat,Tuticorin Harbour,2026-09-23,2026-09-25,1,72,sale,82.4%,Rs.116.52,Rs.69.91,40% OFF,ME-1C
SKU100243,Paneer,Dairy,Aavin Dairy,2026-09-22,2026-09-26,2,22,sale,55.8%,Rs.231.8,Rs.139.08,40% OFF,DA-12D
SKU100244,Yogurt,Dairy,Aavin Dairy,2026-09-16,2026-09-23,0,66,compost,27.4%,Rs.288.42,Rs.0.0,PULLED - COMPOST,DA-2C
SKU100245,Carrot,Vegetable,Ooty Farms,2026-09-07,2026-09-27,3,264,compost,38.5%,Rs.169.38,Rs.0.0,PULLED - COMPOST,VE-8B
SKU100246,Mango,Fruit,Krishnagiri Mandi,2026-09-14,2026-09-22,0,24,compost,12.8%,Rs.377.85,Rs.0.0,PULLED - COMPOST,FR-6A
SKU100247,Grapes,Fruit,Nashik Mandi,2026-09-14,2026-09-23,0,267,compost,6.6%,Rs.289.65,Rs.0.0,PULLED - COMPOST,FR-11D
SKU100248,Apple,Fruit,Shimla Mandi,2026-09-19,2026-10-14,20,106,fresh,95.6%,Rs.277.22,Rs.277.22,-,FR-5D
SKU100249,Spinach,Vegetable,Salem Farms,2026-09-22,2026-09-27,3,68,fresh,88.6%,Rs.162.49,Rs.162.49,-,VE-7B
SKU100250,Egg,Dairy,Namakkal Poultry,2026-09-02,2026-09-23,0,11,compost,37.0%,Rs.197.8,Rs.0.0,PULLED - COMPOST,DA-4A
SKU100251,Curd,Dairy,Aavin Dairy,2026-09-23,2026-09-28,4,196,fresh,93.7%,Rs.357.71,Rs.357.71,-,DA-3D
SKU100252,Spinach,Vegetable,Salem Farms,2026-09-19,2026-09-24,0,236,compost,27.0%,Rs.389.48,Rs.0.0,PULLED - COMPOST,VE-6B
SKU100253,Yogurt,Dairy,Aavin Dairy,2026-09-18,2026-09-25,1,118,compost,10.0%,Rs.299.7,Rs.0.0,PULLED - COMPOST,DA-3D
SKU100254,Grapes,Fruit,Nashik Mandi,2026-09-19,2026-09-28,4,219,sale,59.3%,Rs.176.48,Rs.105.89,40% OFF,FR-3A
SKU100255,Fish,Meat,Tuticorin Harbour,2026-09-23,2026-09-25,1,256,sale,59.9%,Rs.61.51,Rs.36.91,40% OFF,ME-8D
SKU100256,Spinach,Vegetable,Koyambedu Market,2026-09-18,2026-09-23,0,113,compost,7.0%,Rs.232.78,Rs.0.0,PULLED - COMPOST,VE-5A
SKU100257,Fish,Meat,Nagercoil Harbour,2026-09-21,2026-09-23,0,138,compost,20.1%,Rs.399.27,Rs.0.0,PULLED - COMPOST,ME-4A
SKU100258,Potato,Vegetable,Hosur Farms,2026-09-08,2026-10-08,14,155,sale,59.7%,Rs.74.85,Rs.44.91,40% OFF,VE-11A
SKU100259,Egg,Dairy,Local Farm,2026-09-10,2026-10-01,7,274,sale,67.8%,Rs.128.83,Rs.77.3,40% OFF,DA-6D
SKU100260,Apple,Fruit,Kashmir Valley,2026-09-17,2026-10-12,18,75,fresh,93.0%,Rs.340.48,Rs.340.48,-,FR-9B
SKU100261,Curd,Dairy,Aavin Dairy,2026-09-20,2026-09-25,1,258,sale,79.0%,Rs.309.29,Rs.185.57,40% OFF,DA-3B
SKU100262,Milk,Dairy,Aavin Dairy,2026-09-19,2026-09-25,1,38,sale,60.9%,Rs.283.05,Rs.169.83,40% OFF,DA-9D
SKU100263,Apple,Fruit,Ooty Farms,2026-08-29,2026-09-23,0,257,compost,16.7%,Rs.54.33,Rs.0.0,PULLED - COMPOST,FR-7D
SKU100264,Milk,Dairy,Local Cooperative,2026-09-22,2026-09-28,4,192,fresh,92.9%,Rs.33.93,Rs.33.93,-,DA-12C
SKU100265,Cheese,Dairy,Aavin Dairy,2026-09-17,2026-10-02,8,269,fresh,98.0%,Rs.47.11,Rs.47.11,-,DA-6B
SKU100266,Carrot,Vegetable,Kodaikanal Farms,2026-09-09,2026-09-29,5,154,sale,81.0%,Rs.351.67,Rs.211.0,40% OFF,VE-12D
SKU100267,Egg,Dairy,Namakkal Poultry,2026-09-10,2026-10-01,7,15,sale,70.6%,Rs.112.54,Rs.67.52,40% OFF,DA-2B
SKU100268,Curd,Dairy,Aavin Dairy,2026-09-23,2026-09-28,4,20,fresh,88.5%,Rs.27.39,Rs.27.39,-,DA-12B
SKU100269,Fish,Meat,Nagercoil Harbour,2026-09-22,2026-09-24,0,242,compost,27.3%,Rs.218.71,Rs.0.0,PULLED - COMPOST,ME-12D
SKU100270,Spinach,Vegetable,Salem Farms,2026-09-18,2026-09-23,0,28,compost,30.1%,Rs.123.74,Rs.0.0,PULLED - COMPOST,VE-8D
SKU100271,Cheese,Dairy,Imported,2026-09-22,2026-10-07,13,75,fresh,86.7%,Rs.225.81,Rs.225.81,-,DA-4B
SKU100272,Milk,Dairy,Local Cooperative,2026-09-18,2026-09-24,0,14,compost,10.8%,Rs.376.28,Rs.0.0,PULLED - COMPOST,DA-7D
SKU100273,Lettuce,Vegetable,Ooty Farms,2026-09-21,2026-09-27,3,190,sale,82.3%,Rs.148.65,Rs.89.19,40% OFF,VE-4C
SKU100274,Onion,Vegetable,Dindigul APMC,2026-08-18,2026-09-22,0,32,compost,34.7%,Rs.143.45,Rs.0.0,PULLED - COMPOST,VE-3C
SKU100275,Chicken,Meat,Local Farm,2026-09-21,2026-09-24,0,60,compost,5.4%,Rs.221.7,Rs.0.0,PULLED - COMPOST,ME-2C
SKU100276,Onion,Vegetable,Lasalgaon,2026-09-01,2026-10-06,12,76,sale,55.6%,Rs.179.88,Rs.107.93,40% OFF,VE-7D
SKU100277,Apple,Fruit,Shimla Mandi,2026-09-23,2026-10-18,24,141,fresh,94.0%,Rs.368.81,Rs.368.81,-,FR-10C
SKU100278,Grapes,Fruit,Nashik Mandi,2026-09-17,2026-09-26,2,271,sale,62.3%,Rs.25.19,Rs.15.11,40% OFF,FR-4A
SKU100279,Bread,Bakery,Local Bakery,2026-09-22,2026-09-27,3,66,fresh,94.1%,Rs.42.93,Rs.42.93,-,BA-9C
SKU100280,Tomato,Vegetable,Lasalgaon,2026-09-16,2026-09-26,2,230,sale,82.0%,Rs.67.09,Rs.40.25,40% OFF,VE-3C
SKU100281,Onion,Vegetable,Dindigul APMC,2026-09-12,2026-10-17,23,284,fresh,95.3%,Rs.129.12,Rs.129.12,-,VE-8B
SKU100282,Potato,Vegetable,Lasalgaon,2026-09-03,2026-10-03,9,285,sale,65.6%,Rs.135.41,Rs.81.25,40% OFF,VE-8D
SKU100283,Bread,Bakery,Local Bakery,2026-09-22,2026-09-27,3,267,fresh,88.1%,Rs.227.45,Rs.227.45,-,BA-10D
SKU100284,Banana,Fruit,Theni APMC,2026-09-23,2026-09-30,6,170,fresh,98.3%,Rs.231.53,Rs.231.53,-,FR-8C
SKU100285,Bread,Bakery,Local Bakery,2026-09-22,2026-09-27,3,86,fresh,95.8%,Rs.229.43,Rs.229.43,-,BA-10C
SKU100286,Egg,Dairy,Namakkal Poultry,2026-09-10,2026-10-01,7,186,sale,79.2%,Rs.299.46,Rs.179.68,40% OFF,DA-2B
SKU100287,Milk,Dairy,Local Cooperative,2026-09-21,2026-09-27,3,108,sale,65.2%,Rs.254.19,Rs.152.51,40% OFF,DA-5A
SKU100288,Yogurt,Dairy,Aavin Dairy,2026-09-17,2026-09-24,0,70,compost,29.8%,Rs.176.95,Rs.0.0,PULLED - COMPOST,DA-2A
SKU100289,Onion,Vegetable,Lasalgaon,2026-09-01,2026-10-06,12,297,sale,82.9%,Rs.76.86,Rs.46.12,40% OFF,VE-5A
SKU100290,Potato,Vegetable,Hosur Farms,2026-08-28,2026-09-27,3,185,compost,15.1%,Rs.131.31,Rs.0.0,PULLED - COMPOST,VE-7D
SKU100291,Carrot,Vegetable,Ooty Farms,2026-09-04,2026-09-24,0,260,compost,34.7%,Rs.164.66,Rs.0.0,PULLED - COMPOST,VE-5B
SKU100292,Grapes,Fruit,Theni APMC,2026-09-15,2026-09-24,0,198,compost,20.2%,Rs.241.0,Rs.0.0,PULLED - COMPOST,FR-2C
SKU100293,Carrot,Vegetable,Ooty Farms,2026-08-30,2026-09-19,0,223,compost,12.2%,Rs.358.68,Rs.0.0,PULLED - COMPOST,VE-1A
SKU100294,Apple,Fruit,Kashmir Valley,2026-09-06,2026-10-01,7,279,sale,69.4%,Rs.313.92,Rs.188.35,40% OFF,FR-9D
SKU100295,Lettuce,Vegetable,Kodaikanal Farms,2026-09-21,2026-09-27,3,184,sale,65.4%,Rs.192.16,Rs.115.3,40% OFF,VE-1A
SKU100296,Lettuce,Vegetable,Ooty Farms,2026-09-23,2026-09-29,5,210,fresh,90.2%,Rs.266.44,Rs.266.44,-,VE-10B
SKU100297,Paneer,Dairy,Local Cooperative,2026-09-21,2026-09-25,1,180,sale,67.8%,Rs.282.8,Rs.169.68,40% OFF,DA-12A
SKU100298,Curd,Dairy,Local Cooperative,2026-09-22,2026-09-27,3,164,fresh,98.7%,Rs.214.79,Rs.214.79,-,DA-2C
SKU100299,Carrot,Vegetable,Kodaikanal Farms,2026-09-08,2026-09-28,4,266,sale,70.2%,Rs.98.96,Rs.59.38,40% OFF,VE-4D
SKU100300,Curd,Dairy,Aavin Dairy,2026-09-20,2026-09-25,1,185,sale,72.5%,Rs.236.55,Rs.141.93,40% OFF,DA-11A
